{"train/actor_loss":-1.0980282,"rollout/ep_rew_mean":18.174042,"train/learning_rate_actor":0.0015827687,"rollout/ep_len_mean":582.57,"train/ent_coef":0.00034399072,"train/ent_coef_loss":-2.49271,"_step":398,"train/learning_rate_critic":0.0015827687,"global_step":1323008,"_timestamp":1.7750035577605908e+09,"train/critic_loss":0.0006614188,"_runtime":335,"_wandb":{"runtime":335},"time/fps":4463}