{"time/fps":43830,"train/actor_loss":-1.5298371,"train/ent_coef":0.00022779446,"_step":4787,"train/learning_rate_critic":0.00187471,"train/ent_coef_loss":-4.212522,"rollout/ep_rew_mean":34.293156,"train/critic_loss":0.00048003392,"_wandb":{"runtime":515},"train/learning_rate_actor":0.00187471,"global_step":20967424,"_timestamp":1.7750010822310617e+09,"_runtime":515,"rollout/ep_len_mean":972.23}