{"train/ent_coef":0.00022082028,"rollout/ep_len_mean":840.39,"global_step":17281024,"train/critic_loss":0.00026077215,"train/ent_coef_loss":-6.5706673,"train/learning_rate_actor":0.001932559,"_wandb":{"runtime":235},"_timestamp":1.7749915847226527e+09,"_step":7562,"time/fps":86439,"train/learning_rate_critic":0.001932559,"_runtime":235,"train/actor_loss":-1.042094,"rollout/ep_rew_mean":16.920038}