{"train/ent_coef":0.00022822434,"rollout/ep_rew_mean":34.3847,"train/actor_loss":-1.5192244,"_step":9338,"rollout/ep_len_mean":969.38,"time/fps":62686,"train/learning_rate_actor":0.001086382,"_runtime":514,"global_step":29691904,"train/ent_coef_loss":-0.6760277,"train/learning_rate_critic":0.001086382,"_wandb":{"runtime":514},"train/critic_loss":0.00031902664,"_timestamp":1.7750056795624232e+09}