{"time/fps":34012,"rollout/ep_rew_mean":17.567007,"rollout/ep_len_mean":626.75,"_timestamp":1.7749921787990274e+09,"train/ent_coef_loss":-3.6847787,"_step":2663,"train/actor_loss":-1.3157022,"train/learning_rate_critic":0.00025164319,"train/ent_coef":0.00028260399,"_runtime":335,"train/critic_loss":0.00011038079,"train/learning_rate_actor":0.00025164319,"_wandb":{"runtime":335},"global_step":9879552}