{"time/fps":83020,"_timestamp":1.775002700951081e+09,"global_step":41766912,"train/ent_coef":0.00021158614,"_runtime":516,"_step":15734,"rollout/ep_rew_mean":36.296833,"train/critic_loss":0.00043204258,"train/learning_rate_actor":0.0015542087,"train/learning_rate_critic":0.0015542087,"rollout/ep_len_mean":1000,"train/actor_loss":-1.4765997,"train/ent_coef_loss":4.531749,"_wandb":{"runtime":516}}