{"rollout/ep_rew_mean":32.416107,"time/fps":51740,"train/ent_coef":0.00023639531,"_wandb":{"runtime":515},"_step":9800,"train/actor_loss":-1.8562124,"train/ent_coef_loss":7.2952814,"train/learning_rate_actor":0.0019632909,"_timestamp":1.775011064966384e+09,"_runtime":515,"train/critic_loss":0.00022749117,"train/learning_rate_critic":0.0019632909,"rollout/ep_len_mean":951.54,"global_step":24653824}