{"train/learning_rate_actor":0.0001719313,"_timestamp":1.7749934313640802e+09,"rollout/ep_len_mean":900.07,"train/critic_loss":0.00019239698,"train/ent_coef_loss":2.310768,"train/learning_rate_critic":0.0001719313,"_runtime":334,"global_step":5976064,"_step":2096,"time/fps":25337,"_wandb":{"runtime":334},"rollout/ep_rew_mean":21.85568,"train/actor_loss":-1.157471,"train/ent_coef":0.00029042867}