{"rollout/ep_len_mean":1000,"train/critic_loss":0.0011393544,"train/learning_rate_critic":0.00020206587,"_runtime":235,"global_step":16670720,"_timestamp":1.774988961543265e+09,"_step":4976,"train/actor_loss":-6.953143,"_wandb":{"runtime":235},"time/fps":96716,"train/learning_rate_actor":0.00020206587,"rollout/ep_rew_mean":0.8494435,"train/ent_coef":0.014275883,"train/ent_coef_loss":-84.94959}