{"rollout/ep_len_mean":713.6,"global_step":11304960,"train/actor_loss":-2.1132092,"train/learning_rate_actor":0.00044778993,"_runtime":334,"_step":1697,"time/fps":38915,"train/ent_coef":0.00029238593,"train/critic_loss":0.0054408554,"train/learning_rate_critic":0.00044778993,"rollout/ep_rew_mean":18.754438,"train/ent_coef_loss":-2.4827585,"_timestamp":1.7749913255649388e+09,"_wandb":{"runtime":334}}