{"train/critic_loss":0.0005719026,"train/ent_coef":0.00044726644,"train/learning_rate_actor":0.0012732368,"_timestamp":1.7749992385490503e+09,"_wandb":{"runtime":236},"train/ent_coef_loss":9.444771,"train/learning_rate_critic":0.0012732368,"rollout/ep_rew_mean":7.497635,"time/fps":121846,"train/actor_loss":-0.41949293,"_runtime":236,"rollout/ep_len_mean":607.57,"_step":12317,"global_step":24354816}