{"global_step":20914176,"train/learning_rate_critic":0.00038480197,"time/fps":104583,"_timestamp":1.7749903792213917e+09,"train/ent_coef_loss":-7.9133244,"train/critic_loss":0.0043362714,"rollout/ep_len_mean":1000,"rollout/ep_rew_mean":15.8884735,"_step":12779,"train/actor_loss":-1.2356611,"train/learning_rate_actor":0.00038480197,"_wandb":{"runtime":234},"_runtime":234,"train/ent_coef":0.00018663402}