{"train/ent_coef_loss":-2.851034,"train/actor_loss":-1.3034209,"train/learning_rate_actor":0.0017120816,"time/fps":9211,"_wandb":{"runtime":515},"_timestamp":1.7750081513429205e+09,"rollout/ep_rew_mean":25.716255,"_step":1127,"train/learning_rate_critic":0.0017120816,"rollout/ep_len_mean":743.79,"global_step":4313088,"train/ent_coef":0.00030550745,"_runtime":515,"train/critic_loss":0.0005686915}