{"train/ent_coef_loss":-0.19548689,"_step":12563,"rollout/ep_len_mean":858.03,"rollout/ep_rew_mean":29.956903,"train/learning_rate_actor":0.00059667876,"train/critic_loss":0.00075208774,"train/ent_coef":0.0002540138,"train/learning_rate_critic":0.00059667876,"_wandb":{"runtime":515},"_runtime":515,"_timestamp":1.7749967899451413e+09,"global_step":41476096,"train/actor_loss":-1.548946,"time/fps":86777}