{"_step":12341,"time/fps":78167,"_wandb":{"runtime":514},"global_step":37486592,"rollout/ep_len_mean":924.56,"_runtime":514,"train/actor_loss":-1.780267,"train/learning_rate_actor":0.0005981717,"train/ent_coef":0.0002415537,"train/critic_loss":0.00010509833,"_timestamp":1.7749950282849631e+09,"rollout/ep_rew_mean":32.79885,"train/ent_coef_loss":-0.5969578,"train/learning_rate_critic":0.0005981717}