{"rollout/ep_rew_mean":34.317444,"train/critic_loss":7.481636e-05,"train/ent_coef_loss":-3.7611156,"train/learning_rate_critic":0.0015568269,"_wandb":{"runtime":515},"time/fps":43816,"_runtime":515,"rollout/ep_len_mean":947.11,"global_step":20971520,"train/actor_loss":-1.4830527,"_step":5162,"train/ent_coef":0.00022172261,"train/learning_rate_actor":0.0015568269,"_timestamp":1.7750021450790787e+09}