{"train/learning_rate_critic":0.00036774983,"train/critic_loss":0.033322547,"rollout/ep_len_mean":1000,"global_step":17379328,"rollout/ep_rew_mean":16.350683,"train/ent_coef":0.00021805834,"_runtime":235,"train/actor_loss":-1.4353583,"train/ent_coef_loss":1.5553502,"_timestamp":1.774994496897373e+09,"_step":7247,"_wandb":{"runtime":235},"time/fps":86908,"train/learning_rate_actor":0.00036774983}