{"train/ent_coef":0.00026878426,"train/learning_rate_actor":0.001440191,"train/actor_loss":-2.1155357,"train/ent_coef_loss":-0.009816594,"rollout/ep_len_mean":985.81,"global_step":49635328,"time/fps":74060,"rollout/ep_rew_mean":34.131367,"train/critic_loss":0.00019587012,"train/learning_rate_critic":0.001440191,"_wandb":{"runtime":709},"_timestamp":1.7750222150715547e+09,"_runtime":709,"_step":2222}