{"train/ent_coef":0.00070682575,"train/learning_rate_critic":0.001440191,"train/actor_loss":-1.5988774,"_wandb":{"runtime":747},"_runtime":747,"global_step":49926144,"time/fps":70057,"train/critic_loss":0.0002546626,"train/learning_rate_actor":0.001440191,"train/ent_coef_loss":0.44426012,"rollout/ep_rew_mean":33.362614,"_timestamp":1.775023097358172e+09,"_step":15359,"rollout/ep_len_mean":995.26}