{"train/ent_coef_loss":3.2478857,"rollout/ep_rew_mean":36.64976,"train/learning_rate_actor":0.0014422021,"_runtime":515,"train/actor_loss":-1.5613058,"train/ent_coef":0.00021407045,"train/learning_rate_critic":0.0014422021,"_wandb":{"runtime":515},"_timestamp":1.7750067452230396e+09,"global_step":21401600,"time/fps":44818,"rollout/ep_len_mean":1000,"_step":7544,"train/critic_loss":0.0003881745}