{"_timestamp":1.7750094702938983e+09,"time/fps":27727,"train/ent_coef":0.0003130433,"train/learning_rate_actor":0.00068092544,"_wandb":{"runtime":515},"global_step":13119488,"rollout/ep_rew_mean":31.429482,"train/learning_rate_critic":0.00068092544,"_runtime":515,"train/ent_coef_loss":-2.6945763,"train/critic_loss":0.0006344296,"_step":4172,"train/actor_loss":-1.3676162,"rollout/ep_len_mean":904.18}