{"train/ent_coef_loss":3.519592,"train/learning_rate_actor":0.0014655736,"global_step":13660160,"rollout/ep_len_mean":938.29,"rollout/ep_rew_mean":32.303432,"train/critic_loss":0.0010540823,"_wandb":{"runtime":515},"_timestamp":1.7750089435623415e+09,"train/learning_rate_critic":0.0014655736,"_runtime":515,"train/ent_coef":0.0002454613,"time/fps":28543,"train/actor_loss":-1.6424601,"_step":3773}