{"train/actor_loss":-0.6784124,"_wandb":{"runtime":235},"_step":10355,"train/critic_loss":0.00092932733,"rollout/ep_len_mean":991.82,"_timestamp":1.7749989883925083e+09,"time/fps":118293,"train/ent_coef_loss":-4.6174808,"train/learning_rate_actor":0.0013656248,"train/learning_rate_critic":0.0013656248,"global_step":23658496,"rollout/ep_rew_mean":13.185302,"train/ent_coef":0.00031038094,"_runtime":235}