{"train/ent_coef_loss":-4.5116987,"train/learning_rate_critic":0.00033765318,"_step":6818,"train/actor_loss":-0.9300841,"rollout/ep_rew_mean":20.165958,"_wandb":{"runtime":241},"_timestamp":1.774990127444296e+09,"train/critic_loss":0.0014401552,"train/ent_coef":0.00023041062,"global_step":10940416,"train/learning_rate_actor":0.00033765318,"_runtime":241,"rollout/ep_len_mean":900.7,"time/fps":54761}