{"global_step":49991680,"isaac_native/Episode_Reward/dof_torques_l2":-0.05217154696583748,"isaac_native/Episode_Termination/base_contact":0.010009765625,"_runtime":736,"action_distributions/Final_Smooth_Gaussians":{"width":1200,"height":800,"_type":"image-file","sha256":"d8a9703705c0311915fe514569d1c94d14462afdb4e87f7fb1bedcaa586aea8f","size":184183,"path":"media/images/action_distributions/Final_Smooth_Gaussians_0_d8a9703705c0311915fe.png","format":"png"},"isaac_native/Episode_Reward/feet_air_time":-0.034301310777664185,"_step":23582,"actions/max_action":1,"isaac_native/Episode_Reward/flat_orientation_l2":-0.0107544781640172,"isaac_native/Episode_Reward/ang_vel_xy_l2":-0.040141474455595016,"isaac_native/Episode_Reward/track_ang_vel_z_exp":0.6827079653739929,"train/critic_loss":0.00027253566,"_timestamp":1.7749765699473872e+09,"train/actor_loss":-2.2065082,"timestep":50003968,"actions/min_action":-1,"train/ent_coef_loss":-4.381406,"isaac_native/Episode_Reward/dof_pos_limits":0,"train/ent_coef":0.00021191065,"time/fps":68649,"isaac_native/Episode_Reward/dof_acc_l2":-0.034419845789670944,"rollout/ep_rew_mean":35.805485,"rollout/ep_len_mean":1000,"isaac_native/Episode_Reward/action_rate_l2":-0.034049827605485916,"isaac_native/Metrics/base_velocity/error_vel_yaw":0.2558285593986511,"actions/abs_mean_action":0.6103673577308655,"train/learning_rate_critic":0.001440191,"isaac_native/Episode_Reward/lin_vel_z_l2":-0.023874981328845024,"_wandb":{"runtime":736},"isaac_native/Episode_Termination/time_out":0.989990234375,"isaac_native/Metrics/base_velocity/error_vel_xy":0.3843655288219452,"train/learning_rate_actor":0.001440191,"isaac_native/Episode_Reward/track_lin_vel_xy_exp":1.2812831401824951}