{"_wandb":{"runtime":514},"time/fps":18483,"global_step":2273280,"_runtime":514,"_step":386,"train/ent_coef_loss":6.4405727,"train/ent_coef":0.00034574285,"train/learning_rate_actor":0.0011136045,"train/learning_rate_critic":0.0011136045,"rollout/ep_len_mean":123.77,"_timestamp":1.7750123034730442e+09,"rollout/ep_rew_mean":0.25204626,"train/actor_loss":-1.4803027,"train/critic_loss":0.00033887444}