{"train/actor_loss":-0.8556602,"train/ent_coef":0.0014256522,"train/learning_rate_critic":0.00042627944,"_step":5681,"rollout/ep_len_mean":923.51,"rollout/ep_rew_mean":6.5031047,"time/fps":95063,"train/critic_loss":0.000731933,"train/ent_coef_loss":-106.163765,"_runtime":234,"_timestamp":1.7750084142946894e+09,"train/learning_rate_actor":0.00042627944,"global_step":18984960,"_wandb":{"runtime":234}}