{"train/ent_coef":0.00019012077,"_timestamp":1.7749937449901817e+09,"global_step":16588800,"train/actor_loss":-0.6027222,"_runtime":236,"_step":10715,"time/fps":83001,"train/learning_rate_actor":0.00017725618,"train/learning_rate_critic":0.00017725618,"_wandb":{"runtime":236},"rollout/ep_rew_mean":15.163906,"train/ent_coef_loss":2.5560334,"rollout/ep_len_mean":939.38,"train/critic_loss":0.00019553083}