{"train/critic_loss":0.0013752695,"_runtime":235,"_wandb":{"runtime":235},"global_step":25837568,"train/ent_coef":0.00047580193,"train/ent_coef_loss":24.41713,"train/learning_rate_critic":0.0013177663,"_timestamp":1.7749874910185323e+09,"rollout/ep_len_mean":855.18,"_step":16172,"train/actor_loss":-0.3323293,"time/fps":129232,"rollout/ep_rew_mean":5.9953074,"train/learning_rate_actor":0.0013177663}