{"rollout/ep_len_mean":595.57,"time/fps":117845,"train/learning_rate_critic":0.0007576806,"_wandb":{"runtime":236},"global_step":23564288,"_timestamp":1.774987992540701e+09,"train/learning_rate_actor":0.0007576806,"rollout/ep_rew_mean":5.819704,"train/ent_coef_loss":-33.07433,"train/actor_loss":-0.31353983,"_step":23537,"train/critic_loss":0.0008706511,"train/ent_coef":0.00054594496,"_runtime":236}