{"train/ent_coef":0.007410551,"time/fps":140644,"train/ent_coef_loss":-97.83299,"rollout/ep_len_mean":1000,"_timestamp":1.774988229375811e+09,"train/learning_rate_critic":0.0004933966,"global_step":25849856,"rollout/ep_rew_mean":0.022781232,"train/actor_loss":-2.6559787,"train/critic_loss":0.00058547035,"train/learning_rate_actor":0.0004933966,"_runtime":234,"_wandb":{"runtime":234},"_step":9416}