{"train/learning_rate_actor":0.0008947722,"train/learning_rate_critic":0.0008947722,"train/ent_coef_loss":-5.133963,"train/ent_coef":0.00024260345,"_timestamp":1.7750120779802582e+09,"_wandb":{"runtime":514},"_runtime":514,"global_step":8298496,"_step":1547,"time/fps":19436,"train/actor_loss":-1.7402887,"rollout/ep_len_mean":775.71,"train/critic_loss":0.0015160362,"rollout/ep_rew_mean":28.424435}