{"_timestamp":1.774993142711906e+09,"rollout/ep_rew_mean":18.6057,"rollout/ep_len_mean":683.28,"global_step":10166272,"train/actor_loss":-1.1752131,"train/learning_rate_actor":0.00030065601,"train/critic_loss":0.00012262858,"train/learning_rate_critic":0.00030065601,"_runtime":336,"_step":2609,"time/fps":34021,"train/ent_coef":0.00035496717,"train/ent_coef_loss":-2.308542,"_wandb":{"runtime":336}}