{"_runtime":235,"train/ent_coef_loss":-91.072105,"train/learning_rate_actor":0.00010943733,"train/critic_loss":0.00012094519,"rollout/ep_rew_mean":5.1835723,"train/learning_rate_critic":0.00010943733,"time/fps":25595,"train/ent_coef":0.000647398,"_wandb":{"runtime":235},"rollout/ep_len_mean":619.93,"global_step":5091328,"_timestamp":1.7749942456882622e+09,"_step":1352,"train/actor_loss":-0.777421}