{"train/actor_loss":-0.6608789,"rollout/ep_rew_mean":5.335206,"time/fps":101054,"_timestamp":1.7749872398971298e+09,"_step":17408,"train/learning_rate_actor":0.00092886674,"train/learning_rate_critic":0.00092886674,"rollout/ep_len_mean":530.7,"train/ent_coef_loss":14.660527,"global_step":20180992,"train/ent_coef":0.0009373296,"train/critic_loss":0.00176168,"_wandb":{"runtime":235},"_runtime":235}