{"rollout/ep_rew_mean":33.228516,"_runtime":737,"_timestamp":1.7750197424931896e+09,"train/learning_rate_critic":0.001440191,"time/fps":71149,"train/ent_coef":0.00069313304,"rollout/ep_len_mean":1000,"global_step":49905664,"train/actor_loss":-1.5624099,"train/critic_loss":0.0002869452,"_wandb":{"runtime":737},"train/ent_coef_loss":2.57265,"train/learning_rate_actor":0.001440191,"_step":16658}