{"_runtime":514,"global_step":26161152,"rollout/ep_len_mean":971.77,"train/critic_loss":0.00018565796,"_step":11813,"time/fps":54505,"train/actor_loss":-1.3465185,"train/ent_coef_loss":-2.642443,"train/learning_rate_critic":0.00031029238,"_wandb":{"runtime":514},"_timestamp":1.7749898719119925e+09,"rollout/ep_rew_mean":32.921535,"train/learning_rate_actor":0.00031029238,"train/ent_coef":0.00029800463}