{"train/critic_loss":0.00044215436,"global_step":15241216,"train/learning_rate_actor":0.00012106575,"_wandb":{"runtime":236},"_runtime":236,"_timestamp":1.7749909836740024e+09,"train/ent_coef":0.00022396787,"_step":7463,"rollout/ep_rew_mean":12.226863,"train/ent_coef_loss":-0.52892923,"time/fps":76264,"train/actor_loss":-0.77337706,"train/learning_rate_critic":0.00012106575,"rollout/ep_len_mean":884.52}