{"global_step":30011392,"rollout/ep_len_mean":957.33,"train/learning_rate_actor":0.0009936886,"train/actor_loss":-1.4995006,"_runtime":514,"train/learning_rate_critic":0.0009936886,"_timestamp":1.7749978527780597e+09,"rollout/ep_rew_mean":34.281834,"time/fps":62717,"_wandb":{"runtime":514},"train/critic_loss":5.854622e-05,"train/ent_coef":0.00022980737,"_step":8930,"train/ent_coef_loss":-3.959362}