{"rollout/ep_rew_mean":13.8734455,"time/fps":18494,"_step":545,"_timestamp":1.7750099679138925e+09,"_runtime":514,"train/actor_loss":-1.682632,"train/ent_coef_loss":-14.7442045,"train/learning_rate_actor":0.0017039512,"_wandb":{"runtime":514},"rollout/ep_len_mean":445.43,"global_step":8142848,"train/critic_loss":0.00025804335,"train/ent_coef":0.00029816807,"train/learning_rate_critic":0.0017039512}