{"train/critic_loss":0.00021108703,"train/learning_rate_critic":0.001440191,"rollout/ep_len_mean":1000,"_timestamp":1.7750206433355148e+09,"rollout/ep_rew_mean":33.068916,"train/ent_coef_loss":1.4273696,"time/fps":72218,"train/ent_coef":0.0006987409,"train/learning_rate_actor":0.001440191,"_wandb":{"runtime":729},"_runtime":729,"_step":2798,"global_step":49438720,"train/actor_loss":-1.5698843}