{"global_step":8757248,"train/ent_coef_loss":-96.825745,"time/fps":48733,"train/ent_coef":0.0076969587,"train/learning_rate_critic":0.00013366238,"_timestamp":1.7749884752503996e+09,"_step":2483,"train/critic_loss":0.002008274,"_runtime":235,"rollout/ep_len_mean":1000,"rollout/ep_rew_mean":1.7975137,"train/actor_loss":-9.318668,"train/learning_rate_actor":0.00013366238,"_wandb":{"runtime":235}}