{"rollout/ep_len_mean":982.14,"time/fps":27903,"_step":1523,"_timestamp":1.774993996162952e+09,"train/ent_coef":0.00018720285,"global_step":5550080,"rollout/ep_rew_mean":15.099729,"train/ent_coef_loss":-6.250429,"train/learning_rate_actor":0.00014904597,"train/actor_loss":-1.2087724,"_runtime":234,"_wandb":{"runtime":234},"train/critic_loss":6.661845e-05,"train/learning_rate_critic":0.00014904597}