{"_timestamp":1.7749987366460938e+09,"train/learning_rate_actor":0.0012339681,"train/learning_rate_critic":0.0012339681,"_runtime":515,"_step":13160,"rollout/ep_rew_mean":31.277699,"train/ent_coef":0.00023436583,"rollout/ep_len_mean":888.07,"train/critic_loss":7.439281e-05,"train/ent_coef_loss":0.112173654,"time/fps":86298,"train/actor_loss":-1.8043879,"_wandb":{"runtime":515},"global_step":41381888}