{"train/learning_rate_critic":0.001746728,"_wandb":{"runtime":336},"_timestamp":1.7750076294093528e+09,"rollout/ep_rew_mean":20.694479,"_step":8798,"global_step":12988416,"_runtime":336,"rollout/ep_len_mean":725.95,"time/fps":43485,"train/ent_coef":0.0003342354,"train/ent_coef_loss":-0.16555738,"train/actor_loss":-1.0359329,"train/critic_loss":0.00030374678,"train/learning_rate_actor":0.001746728}