{"_wandb":{"runtime":234},"train/critic_loss":0.00044367026,"train/learning_rate_critic":0.0008615335,"_runtime":234,"rollout/ep_len_mean":1000,"_timestamp":1.7749994913106666e+09,"time/fps":106865,"global_step":21372928,"train/learning_rate_actor":0.0008615335,"rollout/ep_rew_mean":-0.52607274,"train/ent_coef":0.009837864,"_step":10838,"train/actor_loss":-2.4960032,"train/ent_coef_loss":-92.472115}