{"_timestamp":1.7749893393420866e+09,"train/critic_loss":0.00050864485,"train/actor_loss":-1.1929125,"train/learning_rate_critic":0.00029489817,"_wandb":{"runtime":336},"rollout/ep_len_mean":556.3,"time/fps":52843,"_step":8285,"global_step":15851520,"train/ent_coef_loss":4.2295585,"train/learning_rate_actor":0.00029489817,"train/ent_coef":0.00034821389,"_runtime":336,"rollout/ep_rew_mean":17.339098}