{"train/learning_rate_critic":0.0010570729,"_timestamp":1.7750062159692078e+09,"_step":13589,"time/fps":75004,"_runtime":515,"train/ent_coef":0.0002826051,"train/learning_rate_actor":0.0010570729,"_wandb":{"runtime":515},"rollout/ep_len_mean":949.11,"train/actor_loss":-1.8800957,"rollout/ep_rew_mean":34.03754,"global_step":35991552,"train/critic_loss":0.0014222495,"train/ent_coef_loss":-0.5893623}