{"rollout/ep_rew_mean":8.821979,"train/learning_rate_critic":0.0001583546,"_step":6881,"train/ent_coef_loss":-110.18355,"train/learning_rate_actor":0.0001583546,"train/actor_loss":-0.85426414,"_runtime":235,"rollout/ep_len_mean":973.15,"_wandb":{"runtime":235},"time/fps":90757,"global_step":18112512,"_timestamp":1.77499243900172e+09,"train/ent_coef":0.0022198602,"train/critic_loss":0.00017987104}