{"_step":512,"train/learning_rate_actor":0.0014810667,"train/critic_loss":0.0013714761,"rollout/ep_len_mean":722.11,"rollout/ep_rew_mean":24.555632,"train/ent_coef":0.0002949367,"global_step":7454720,"_timestamp":1.7750031942919316e+09,"train/ent_coef_loss":-1.3194366,"_wandb":{"runtime":515},"time/fps":16088,"train/actor_loss":-1.4870687,"train/learning_rate_critic":0.0014810667,"_runtime":515}