{"_wandb":{"runtime":514},"global_step":29642752,"train/ent_coef_loss":-1.9690493,"_timestamp":1.775000552604442e+09,"_step":9140,"train/actor_loss":-1.5454814,"train/learning_rate_critic":0.0016917654,"time/fps":61770,"train/learning_rate_actor":0.0016917654,"_runtime":514,"rollout/ep_len_mean":947.79,"rollout/ep_rew_mean":34.469597,"train/critic_loss":7.495104e-05,"train/ent_coef":0.0002065287}