{"train/ent_coef_loss":3.1204636,"_step":12533,"train/ent_coef":0.00033415607,"_runtime":334,"rollout/ep_len_mean":429.98,"global_step":30162944,"time/fps":100919,"rollout/ep_rew_mean":10.44412,"train/learning_rate_actor":0.0005684627,"_timestamp":1.7749953779538317e+09,"train/critic_loss":0.0015390809,"train/learning_rate_critic":0.0005684627,"train/actor_loss":-1.2292356,"_wandb":{"runtime":334}}