{"train/actor_loss":-2.1845472,"_wandb":{"runtime":709},"_timestamp":1.7750214830104969e+09,"time/fps":74122,"train/critic_loss":0.0005020865,"train/ent_coef_loss":-9.426012,"train/learning_rate_actor":0.001440191,"rollout/ep_len_mean":1000,"_step":296,"global_step":49152000,"train/learning_rate_critic":0.001440191,"train/ent_coef":0.00022810901,"_runtime":709,"rollout/ep_rew_mean":36.67924}