{"train/ent_coef":0.00030079682,"train/actor_loss":-0.82107306,"train/ent_coef_loss":6.465941,"_wandb":{"runtime":236},"train/critic_loss":0.00026694188,"time/fps":105225,"train/learning_rate_critic":0.00052505994,"_runtime":236,"_timestamp":1.774991835481646e+09,"train/learning_rate_actor":0.00052505994,"rollout/ep_len_mean":909.21,"global_step":21041152,"_step":11087,"rollout/ep_rew_mean":19.804243}