{"rollout/ep_rew_mean":32.04011,"train/learning_rate_actor":0.0015885748,"rollout/ep_len_mean":919.21,"train/critic_loss":0.0010643769,"_runtime":514,"global_step":13246464,"_timestamp":1.7750046222561e+09,"train/ent_coef":0.00030172913,"train/ent_coef_loss":1.3218633,"time/fps":27661,"train/learning_rate_critic":0.0015885748,"train/actor_loss":-1.382727,"_wandb":{"runtime":514},"_step":4553}