{"train/learning_rate_critic":0.00022506838,"train/critic_loss":0.00019735013,"train/ent_coef":0.00021611557,"_step":2018,"train/ent_coef_loss":-0.92314017,"train/learning_rate_actor":0.00022506838,"_runtime":240,"global_step":1925120,"rollout/ep_len_mean":273.09,"_timestamp":1.7749867259441473e+09,"train/actor_loss":-0.4691366,"_wandb":{"runtime":240},"rollout/ep_rew_mean":3.2792678,"time/fps":9851}