{"train/learning_rate_actor":0.0009977324,"_wandb":{"runtime":235},"_timestamp":1.7749877422460577e+09,"train/actor_loss":-0.4656884,"train/ent_coef":0.00045377205,"_runtime":235,"_step":6344,"rollout/ep_len_mean":534.88,"train/critic_loss":0.003271949,"train/ent_coef_loss":0.7632167,"rollout/ep_rew_mean":5.689203,"time/fps":69873,"train/learning_rate_critic":0.0009977324,"global_step":13971456}