{"time/fps":60421,"rollout/ep_rew_mean":30.893911,"train/learning_rate_actor":0.0011898531,"_wandb":{"runtime":514},"_runtime":514,"rollout/ep_len_mean":890.05,"train/ent_coef":0.00023035922,"global_step":28872704,"_step":8453,"_timestamp":1.7750000195673242e+09,"train/critic_loss":6.639495e-05,"train/actor_loss":-1.4692274,"train/ent_coef_loss":-3.8136246,"train/learning_rate_critic":0.0011898531}