{"rollout/ep_len_mean":1000,"train/critic_loss":0.0009296988,"_step":10235,"train/learning_rate_actor":0.000702085,"_wandb":{"runtime":514},"train/ent_coef_loss":-2.3583558,"_timestamp":1.7749973220913348e+09,"train/learning_rate_critic":0.000702085,"rollout/ep_rew_mean":36.338516,"time/fps":67340,"train/actor_loss":-1.8377454,"train/ent_coef":0.0002348043,"_runtime":514,"global_step":32210944}