{"global_step":31186944,"train/ent_coef":0.0005359703,"_wandb":{"runtime":335},"train/learning_rate_critic":0.000604515,"_step":12038,"train/learning_rate_actor":0.000604515,"_timestamp":1.7749957296241195e+09,"rollout/ep_len_mean":610.15,"rollout/ep_rew_mean":18.160824,"time/fps":104075,"train/ent_coef_loss":-1.3150787,"train/actor_loss":-1.4959221,"train/critic_loss":0.0012069873,"_runtime":335}