{"global_step":10252288,"train/ent_coef":0.00030629104,"rollout/ep_rew_mean":12.640147,"train/ent_coef_loss":2.660314,"_step":2819,"_timestamp":1.774992786675769e+09,"train/learning_rate_actor":0.00025946845,"_wandb":{"runtime":334},"rollout/ep_len_mean":554.21,"train/learning_rate_critic":0.00025946845,"_runtime":334,"time/fps":34498,"train/critic_loss":9.4717514e-05,"train/actor_loss":-1.289451}