{"time/fps":15651,"train/actor_loss":-1.5402038,"_timestamp":1.7750016133743458e+09,"_step":2585,"train/critic_loss":0.0014790038,"train/learning_rate_actor":0.0019386681,"_wandb":{"runtime":515},"rollout/ep_len_mean":758.24,"train/ent_coef":0.0002577589,"_runtime":515,"global_step":7487488,"rollout/ep_rew_mean":26.480646,"train/ent_coef_loss":3.6506436,"train/learning_rate_critic":0.0019386681}