{"rollout/ep_rew_mean":9.396831,"train/ent_coef":0.00026885222,"_wandb":{"runtime":514},"global_step":7823360,"_runtime":514,"time/fps":18572,"rollout/ep_len_mean":447.04,"train/ent_coef_loss":3.934577,"train/critic_loss":0.00012487455,"_timestamp":1.7750104792943707e+09,"_step":473,"train/learning_rate_critic":0.0017444514,"train/actor_loss":-1.5892191,"train/learning_rate_actor":0.0017444514}