{"_step":335,"time/fps":4920,"train/ent_coef_loss":2.231476,"global_step":1466368,"rollout/ep_rew_mean":20.914034,"rollout/ep_len_mean":636.12,"_timestamp":1.7750039107404482e+09,"train/ent_coef":0.00040125023,"train/actor_loss":-1.201586,"_runtime":515,"train/critic_loss":0.0011610878,"train/learning_rate_actor":0.0008387874,"train/learning_rate_critic":0.0008387874,"_wandb":{"runtime":515}}