{"train/critic_loss":0.0019930708,"_runtime":335,"train/learning_rate_critic":0.001016973,"global_step":17383424,"time/fps":58103,"train/ent_coef":0.00033388627,"train/ent_coef_loss":0.7193411,"train/learning_rate_actor":0.001016973,"_step":5444,"rollout/ep_len_mean":792.9,"rollout/ep_rew_mean":25.54744,"train/actor_loss":-4.0331755,"_wandb":{"runtime":335},"_timestamp":1.774998204757629e+09}