{"train/actor_loss":-0.76583666,"_runtime":240,"train/ent_coef":0.0005304002,"_wandb":{"runtime":240},"train/learning_rate_actor":0.00072250975,"train/learning_rate_critic":0.00072250975,"rollout/ep_len_mean":589.26,"_timestamp":1.7749869887746456e+09,"rollout/ep_rew_mean":6.3218226,"train/critic_loss":0.0004091385,"_step":8384,"train/ent_coef_loss":5.9104624,"time/fps":124731,"global_step":24907776}