{"rollout/ep_rew_mean":34.84749,"train/learning_rate_actor":0.0005801427,"train/critic_loss":0.00069051405,"train/learning_rate_critic":0.0005801427,"global_step":29622272,"_timestamp":1.7749962585589511e+09,"train/ent_coef_loss":-0.1738053,"time/fps":62047,"train/actor_loss":-1.627591,"train/ent_coef":0.00020234565,"_wandb":{"runtime":514},"rollout/ep_len_mean":956.36,"_step":9791,"_runtime":514}