{"train/ent_coef_loss":13.655068,"_runtime":224,"_step":90950,"train/learning_rate_actor":0.00019553672,"_wandb":{"runtime":224},"_timestamp":1.7749887504946918e+09,"rollout/ep_rew_mean":-1.3201823,"train/actor_loss":-0.23106104,"global_step":21987328,"train/critic_loss":0.0024988998,"rollout/ep_len_mean":55.2,"train/learning_rate_critic":0.00019553672,"time/fps":109954,"train/ent_coef":0.0017134025}