{"rollout/ep_len_mean":155.13,"_step":557,"train/critic_loss":0.00016332834,"train/ent_coef_loss":-5.678549,"_wandb":{"runtime":514},"rollout/ep_rew_mean":2.027907,"train/actor_loss":-1.6283957,"train/ent_coef":0.00031169472,"global_step":4603904,"train/learning_rate_critic":0.0013712931,"_runtime":514,"_timestamp":1.7750113749831908e+09,"time/fps":18094,"train/learning_rate_actor":0.0013712931}