{"rollout/ep_rew_mean":27.089098,"train/actor_loss":-1.1636355,"train/critic_loss":0.00014333153,"train/ent_coef_loss":0.59227175,"_runtime":336,"time/fps":77148,"rollout/ep_len_mean":908.41,"train/learning_rate_actor":0.00027786696,"_timestamp":1.7749907300057795e+09,"_wandb":{"runtime":336},"_step":8285,"train/learning_rate_critic":0.00027786696,"train/ent_coef":0.0003047968,"global_step":23113728}