{"_wandb":{"runtime":515},"train/learning_rate_critic":0.0017444241,"train/ent_coef":0.0002420384,"_step":4433,"time/fps":28564,"global_step":13553664,"rollout/ep_rew_mean":35.434704,"train/critic_loss":0.0005834457,"train/actor_loss":-1.4414827,"_runtime":515,"_timestamp":1.7750072734480488e+09,"train/ent_coef_loss":-3.1926408,"rollout/ep_len_mean":973.88,"train/learning_rate_actor":0.0017444241}