{"_timestamp":1.775005152795932e+09,"train/ent_coef_loss":-2.37363,"train/learning_rate_actor":0.0007417342,"rollout/ep_len_mean":892.94,"rollout/ep_rew_mean":31.342443,"time/fps":62960,"train/actor_loss":-1.754863,"train/ent_coef":0.00025121565,"train/learning_rate_critic":0.0007417342,"train/critic_loss":0.0007265612,"global_step":30113792,"_step":12848,"_wandb":{"runtime":515},"_runtime":515}